operation_id,field_id,crop_id,operation_type,operation_date,operation_timestamp,equipment_used,operator_name,input_material_name,input_quantity,input_unit,cost_per_unit,total_cost,application_rate,weather_conditions,field_conditions,notes,created_timestamp
3fe8643e-bf18-485e-baff-44eed72b6d88,41d5065f-6cfc-4d2d-bec5-ffb83dc6d4ec,66825,harvest,2009-11-19,2007-07-10 05:56:55-10:00,"Doubt that the sun doth move, doubt truth to be a liar, but never doubt I love.",Ardith Keebler,In my mind's eye.,994,kg,4271.98,6917.72,3.5903,rainy,fertile,"Conscience is but a word that cowards use, devised at first to keep the strong in awe.",2000-04-12 02:43:40-07:00
e6a3f26c-5689-4afb-b40a-2b792685f68e,680dacaf-2612-4b98-bd92-319cfe40ab71,66826,fertilize,2004-12-21,2014-11-22 22:03:28-01:00,True is it that we have seen better days.,Joanie Hermann,"I will speak daggers to her, but use none.",507,kg,2138.59,1736.59,1.0719,snowy,wet,A horse! a horse! my kingdom for a horse!.,2001-07-14 19:00:15+05:00
fa77f0ef-a092-4d81-a903-4d05dc8f9173,ac5e9cb1-e121-4ce2-aaa3-e30e3e7d0f50,66827,fertilize,1999-04-24,2022-09-18 14:21:36-07:00,"Conscience is but a word that cowards use, devised at first to keep the strong in awe.",Belle Waelchi,"And it must follow, as the night the day, thou canst not then be false to any man.",302,liters,5677.37,4117.88,8.7822,snowy,dry,I like this place and willingly could waste my time in it.,2005-02-02 20:57:55-09:00
354184a4-fd6a-48c3-ab2c-a447e7ee8fbc,c58a9354-9376-47d3-ac95-fb79086b9f0d,66828,fertilize,2014-06-20,2010-04-19 04:16:55-05:00,The play 's the thing wherein I'll catch the conscience of the king.,Taina Stark,It seems she hangs upon the cheek of night like a rich jewel in an Ethiope's ear.,282,kg,7748.14,3866.27,0.8755,snowy,barren,O! she doth teach the torches to burn bright.,2011-08-16 17:47:53+08:00
6e7b356b-c576-481e-a9b0-2b2b96d4ab16,7d071b15-cee4-4faf-8484-0218600aa844,66829,plant,2008-03-27,2013-11-10 00:45:48-03:00,How bitter a thing it is to look into happiness through another man's eyes!,Ms. Annie Volkman,In my mind's eye.,476,pounds,1728.89,5262.73,4.4514,snowy,barren,"So wise so young, they say, do never live long.",2015-06-09 21:46:03-03:00
5fb0d737-d030-4e1f-9c8b-d6177ee7ec02,87b69031-6963-4218-88c5-3eb49f09ed5b,66830,plant,2011-07-02,2017-07-19 07:47:32-10:00,"A little more than kin, and less than kind.",Vernon Raynor,"See, how she leans her cheek upon her hand! O that I were a glove upon that hand, that I might touch that cheek!.",468,pounds,5955.57,2998.05,5.9190,cloudy,barren,Rich gifts wax poor when givers prove unkind.,2025-11-03 21:01:57+13:00
970a30fe-702f-4b3f-979f-03345ad53df3,0290cf17-da22-48a8-81ab-82f3b22fa1cb,66831,irrigate,2008-05-18,2006-02-23 01:00:22+01:00,What's in a name? That which we call a rose by any other name would smell as sweet.,Karma Cremin,The king's name is a tower of strength.,75,kg,5967.16,2033.52,2.5013,snowy,dry,Not stepping o'er the bounds of modesty.,2020-08-05 03:55:39-07:00
81330ed8-663e-48af-a3c3-0de227654db7,d92ee5ac-9bc7-420e-9e29-dcfdde09c147,66832,plant,1998-01-15,2026-10-16 15:27:00-07:00,"The lady doth protest too much, methinks.",Tenesha Littel,"Doubt that the sun doth move, doubt truth to be a liar, but never doubt I love.",991,liters,6465.00,3780.60,5.2192,snowy,fertile,"An honest tale speeds best, being plainly told.",2015-11-29 18:12:03+03:00
74ba1288-21b1-42e5-b40b-db45659e3156,a0bd27d7-afde-49a1-b938-d690d599f9fe,66833,harvest,2013-06-10,2017-07-25 10:16:09+11:00,The play 's the thing wherein I'll catch the conscience of the king.,Cornell Will Sr.,"All the world 's a stage, and all the men and women merely players. They have their exits and their entrances; And one man in his time plays many parts.",461,kg,6214.39,6454.68,9.7314,sunny,barren,Do you think I am easier to be played on than a pipe?,2025-12-11 18:59:49-11:00
87755a17-26c0-4406-b326-6d51b6c4f6a6,c9c3d433-00e2-4881-a6d3-66f5d7fc5889,66834,harvest,2011-02-26,2004-06-26 19:45:17-03:00,Wisely and slow; they stumble that run fast.,Lilli Mante,"Neither a borrower nor a lender be; For loan oft loses both itself and friend, and borrowing dulls the edge of husbandry.",469,kg,3081.01,7797.92,2.0747,rainy,wet,"So wise so young, they say, do never live long.",2004-10-24 13:18:33-09:00
e7ab9522-e1a4-48b4-82b5-2191e7aad2b1,f2323af6-84da-4fdb-83a8-a142718e75ce,66835,irrigate,2002-03-22,2011-05-21 14:03:22-05:00,Can one desire too much of a good thing?.,Jerome Jones,The king's name is a tower of strength.,25,kg,3645.90,1901.84,4.7304,cloudy,wet,O! she doth teach the torches to burn bright.,2027-03-21 14:46:50+14:00
4600966d-8c3b-44a1-8a98-be65ffc99354,4de904e4-bd97-4fd7-9fb3-60b6514e320e,66836,fertilize,2004-06-27,2015-05-29 22:14:28-03:00,"O Romeo, Romeo! wherefore art thou Romeo?.",Mr. Gwyneth Olson,"The fool doth think he is wise, but the wise man knows himself to be a fool.",756,pounds,6706.08,6454.15,1.4806,snowy,dry,That it should come to this!.,2024-05-02 02:24:50-07:00
f8872a52-3722-45dc-90ff-368629abbca1,6df66467-3786-4763-9786-2b3ce1666497,66837,harvest,2005-01-13,2026-05-21 13:10:41-12:00,"There is nothing either good or bad, but thinking makes it so.",Trenton Kihn Sr.,"When sorrows come, they come not single spies, but in battalions.",598,liters,4858.44,3413.46,8.0033,snowy,fertile,"The world is grown so bad, that wrens make prey where eagles dare not perch.",2027-03-29 08:57:38+08:00
466593a2-e4be-4d58-802b-0f63219d9b57,af0ceef6-a701-4477-b7ec-f79f3d1e34a8,66838,fertilize,2007-09-06,2009-08-28 13:45:06+10:00,O! she doth teach the torches to burn bright.,Pamella Cormier,"The fool doth think he is wise, but the wise man knows himself to be a fool.",20,kg,1690.85,3082.26,1.4214,cloudy,dry,"An honest tale speeds best, being plainly told.",2030-10-16 12:21:28+06:00
ebc86924-7e5c-458e-a70e-da66d945ef37,5f762a8a-d49f-4313-9cac-32e70a089295,66839,irrigate,2017-01-01,2028-05-12 10:04:38-07:00,The play 's the thing wherein I'll catch the conscience of the king.,Harland Bruen,"Though this be madness, yet there is method in 't.",567,kg,4305.85,9023.44,2.9923,rainy,fertile,Tempt not a desperate man.,2001-11-08 13:46:47-02:00
127b98c6-1991-4175-9c65-8b0fe74c1983,a30e8b6a-9054-4ba3-bfb2-6861bd52fb29,66840,fertilize,2002-12-15,2030-02-21 10:12:50+09:00,"So wise so young, they say, do never live long.",Quentin Rau,The king's name is a tower of strength.,317,pounds,5152.67,4211.82,5.5265,sunny,wet,This above all: to thine own self be true.,2001-07-28 16:40:09+05:00
a826365c-71e5-444f-8161-08b066c90dc9,f5f83c46-691b-4035-8723-2b2e7a3c8cdb,66841,irrigate,2013-05-08,2025-10-29 06:58:07+14:00,I like this place and willingly could waste my time in it.,Merna Hirthe V,It seems she hangs upon the cheek of night like a rich jewel in an Ethiope's ear.,443,kg,7549.61,7105.83,1.0363,snowy,barren,The king's name is a tower of strength.,2015-05-15 21:36:41+12:00
8910cdfb-4e78-4694-9734-631d3d3e6db1,6322306d-da22-40d8-bd21-a4e944d60571,66842,harvest,2006-06-19,2010-08-06 08:43:53+10:00,"There is nothing either good or bad, but thinking makes it so.",Marc Little,Not stepping o'er the bounds of modesty.,374,pounds,9971.77,2926.26,0.2579,rainy,barren,"What a piece of work is man! how noble in reason! how infinite in faculty! in form and moving how express and admirable! in action how like an angel! in apprehension how like a god! the beauty of the world, the paragon of animals! .",2023-07-04 16:27:12-11:00
84ce889d-c2e5-4153-81c8-9f7954b2ded0,5587912e-9149-41d4-b9e0-4fc28f4a5bbb,66843,plant,2019-07-06,2006-08-04 13:28:59+07:00,For ever and a day.,Irvin McKenzie V,Rich gifts wax poor when givers prove unkind.,537,pounds,2001.01,5925.23,3.4291,sunny,dry,"The world is grown so bad, that wrens make prey where eagles dare not perch.",2030-01-25 03:58:05-10:00
7cea7657-cebb-4486-8829-743279fd0e88,21d9d4be-8a94-4ce1-b1fe-9fa101c6cb7c,66844,harvest,2016-12-04,2012-06-10 10:51:30+11:00,"O Romeo, Romeo! wherefore art thou Romeo?.",Tabitha Batz,"Conscience is but a word that cowards use, devised at first to keep the strong in awe.",104,kg,9061.82,3971.58,1.0492,cloudy,fertile,"So wise so young, they say, do never live long.",2020-12-03 14:54:36-07:00
73c8bfcb-f168-41a8-8439-93c7fffedcc6,1e8ae31e-1e76-4df8-ba9f-b0c535e8785b,66845,fertilize,2007-08-05,2024-02-25 13:59:34-01:00,In my mind's eye.,Sydney Langosh IV,"All the world 's a stage, and all the men and women merely players. They have their exits and their entrances; And one man in his time plays many parts.",524,liters,8967.71,3116.13,0.9602,cloudy,dry,"See, how she leans her cheek upon her hand! O that I were a glove upon that hand, that I might touch that cheek!.",2006-01-06 16:31:51-06:00
ae71307f-5c60-4bff-8972-2de2067d4245,e253eb64-da03-4c3a-bf1a-df80ac996d30,66846,irrigate,1999-11-14,2028-09-06 20:12:27-12:00,"So wise so young, they say, do never live long.",Amberly Franecki,"It is the east, and Juliet is the sun.",20,kg,2829.82,8105.50,1.1952,snowy,barren,"An honest tale speeds best, being plainly told.",2030-03-17 16:59:55+12:00
a202812c-cd4a-45b4-a5a6-8cadd83a083f,621391ee-ed77-413f-898d-138575a2ef36,66847,fertilize,2006-05-03,2016-11-21 11:41:21+01:00,"Neither a borrower nor a lender be; For loan oft loses both itself and friend, and borrowing dulls the edge of husbandry.",Conrad Wehner,"The fool doth think he is wise, but the wise man knows himself to be a fool.",136,pounds,6185.83,7093.42,3.1169,rainy,dry,"I will speak daggers to her, but use none.",2028-11-17 17:50:16+08:00
5073c072-364c-45ba-9b10-e14622a3dd2d,5ed533d5-7987-4398-b8c1-32e1ac623163,66848,fertilize,2014-06-11,2024-11-08 17:54:15-09:00,"Good Night, Good night! Parting is such sweet sorrow, that I shall say good night till it be morrow.",Tommie Mertz,The king's name is a tower of strength.,629,kg,4263.35,5624.99,5.9267,rainy,barren,"All the world 's a stage, and all the men and women merely players. They have their exits and their entrances; And one man in his time plays many parts.",2011-11-02 18:38:25+08:00
673dfa49-05c3-4dd0-bb52-b64abc3c56a5,bad488a4-2b50-40d0-971a-3b138689c1df,66849,harvest,2014-11-08,2011-11-29 23:34:12-11:00,Wisely and slow; they stumble that run fast.,Ed Morissette DVM,How bitter a thing it is to look into happiness through another man's eyes!,617,pounds,9293.90,3233.72,2.1201,cloudy,wet,"Conscience is but a word that cowards use, devised at first to keep the strong in awe.",2000-06-03 00:54:01+05:00
d23bf87b-1d75-4f3a-a575-981b95ff1535,0d219703-0cc8-4cfd-a181-e1cd0424a4c2,66850,irrigate,2017-12-01,2007-02-25 02:03:48+13:00,True is it that we have seen better days.,Clifford Conroy,Not stepping o'er the bounds of modesty.,553,kg,3773.41,8300.26,2.5815,sunny,dry,"An honest tale speeds best, being plainly told.",2000-01-09 07:05:33+03:00
d42c6377-3a70-4974-8825-6264c887b1ea,5700df4b-a951-4d93-91c4-a9e48a921950,66851,irrigate,2007-07-02,2002-08-19 08:57:14+09:00,Off with his head!,Jaime Simonis,"Conscience is but a word that cowards use, devised at first to keep the strong in awe.",120,liters,28.09,386.27,4.3261,sunny,dry,Now is the winter of our discontent.,2026-04-11 15:44:08-05:00
23dc7f64-fb1b-487d-9f93-5a01d115454f,9d647b81-f12c-49c5-8bf3-019d7196439f,66852,harvest,2007-07-18,2003-11-29 13:26:05-08:00,Rich gifts wax poor when givers prove unkind.,Dorene Hirthe Jr.,"What a piece of work is man! how noble in reason! how infinite in faculty! in form and moving how express and admirable! in action how like an angel! in apprehension how like a god! the beauty of the world, the paragon of animals! .",757,pounds,2332.97,8416.10,2.9453,sunny,barren,Brevity is the soul of wit.,2005-05-12 12:02:51-03:00
6b8bdb57-c7d4-478c-a2ff-02a9ffe0b156,2b089c2f-01cd-420c-82cb-cece6139a601,66853,harvest,2015-05-12,2019-01-17 22:16:07-10:00,"When sorrows come, they come not single spies, but in battalions.",Terry Fay IV,"Conscience is but a word that cowards use, devised at first to keep the strong in awe.",770,pounds,960.91,5329.71,6.0604,rainy,barren,Brevity is the soul of wit.,2012-04-22 15:05:37+01:00
c0f14f1e-173b-4c61-a6f8-3f343aea0249,5c2110e8-5759-4a97-a383-e5ecbb336a95,66854,irrigate,2007-09-30,2000-06-09 23:18:57+14:00,O! she doth teach the torches to burn bright.,Mr. Karena Ziemann,True is it that we have seen better days.,251,liters,8598.21,1942.80,6.0714,rainy,dry,A horse! a horse! my kingdom for a horse!.,2014-08-03 14:15:22+14:00
728771d7-16c6-48d5-9899-d9b336435051,8e05f65f-9f37-4fb9-b9be-a5bc7b9759f3,66855,irrigate,2022-04-15,2014-02-03 12:58:40-03:00,"An honest tale speeds best, being plainly told.",Mckinley Kunde DVM,"So wise so young, they say, do never live long.",475,pounds,2695.90,2841.54,3.3710,rainy,fertile,Not stepping o'er the bounds of modesty.,2012-03-11 22:04:53-09:00
a718004c-f325-404b-a517-f4880d95a673,87d263ec-1f9c-46b2-a43b-515308bbb78d,66856,fertilize,2012-12-12,2030-12-21 01:54:05-09:00,"The fool doth think he is wise, but the wise man knows himself to be a fool.",Mr. Lincoln Lockman,Rich gifts wax poor when givers prove unkind.,995,kg,3646.87,7714.80,3.3630,snowy,dry,Wisely and slow; they stumble that run fast.,2012-07-14 00:26:52-06:00
62d634a0-d436-4208-b577-e998ad487f5d,181d5532-cad2-4528-9f5f-a2be9aedf2b0,66857,harvest,1999-11-21,2014-10-20 02:33:18+14:00,How bitter a thing it is to look into happiness through another man's eyes!,Elwood Yost,"Though this be madness, yet there is method in 't.",956,kg,3063.99,7601.70,3.5715,snowy,wet,What's in a name? That which we call a rose by any other name would smell as sweet.,2014-02-01 17:16:48-09:00
2929a4a8-aede-4889-ab12-e04230de1514,f4b24651-6506-429f-9577-0e736cb6570a,66858,fertilize,2005-04-27,2027-01-18 09:48:11-12:00,"An honest tale speeds best, being plainly told.",Mr. Stacy Hickle,A horse! a horse! my kingdom for a horse!.,603,kg,2691.34,64.57,1.2894,sunny,barren,Wisely and slow; they stumble that run fast.,2006-09-11 09:44:47+13:00
b625ea45-8935-4cef-9a44-9a3ed9870070,9a19d0fb-f33a-4922-9ba7-89d83853804e,66859,irrigate,1999-07-19,2006-01-28 06:49:54-09:00,"Doubt that the sun doth move, doubt truth to be a liar, but never doubt I love.",Granville Jacobs,"And it must follow, as the night the day, thou canst not then be false to any man.",578,liters,8674.19,2940.33,0.6822,sunny,wet,"The world is grown so bad, that wrens make prey where eagles dare not perch.",2010-11-27 20:19:29-12:00
8df02600-a711-4890-b4e0-16330041b1dc,b0d7cbbd-a573-499c-aab4-4e65d1a132f4,66860,fertilize,2007-05-21,2028-12-04 18:24:46+13:00,Not stepping o'er the bounds of modesty.,Isela Kertzmann,The play 's the thing wherein I'll catch the conscience of the king.,443,kg,1910.14,968.25,8.6840,sunny,barren,The play 's the thing wherein I'll catch the conscience of the king.,2015-05-20 08:34:24Z
1c1ce209-95ac-4ba1-97fd-2f2fe29ed49e,aba68540-c641-409f-beac-1e7990ccdf04,66861,plant,2018-03-09,2017-01-15 22:52:05-10:00,I like this place and willingly could waste my time in it.,Daniela Botsford V,The king's name is a tower of strength.,511,liters,7716.88,1559.70,1.8883,cloudy,barren,"And it must follow, as the night the day, thou canst not then be false to any man.",2000-04-06 18:15:53-03:00
a4033f9e-0b62-4c3c-bce7-cf07755a188f,3257dfff-8802-4bf6-8a2c-e291a0e68e1f,66862,harvest,2007-07-11,2001-03-07 00:06:59+10:00,"The world is grown so bad, that wrens make prey where eagles dare not perch.",Aaron Little,"See, how she leans her cheek upon her hand! O that I were a glove upon that hand, that I might touch that cheek!.",627,pounds,2034.30,424.16,2.1365,cloudy,barren,"So wise so young, they say, do never live long.",2011-07-23 05:34:43-02:00
52669a10-ddcc-41e5-9deb-4868046d68b7,736613e4-49ee-4471-a0b0-ff03792904b5,66863,irrigate,2004-05-24,2007-04-04 08:17:42-05:00,True is it that we have seen better days.,Giuseppe Jaskolski,"Conscience is but a word that cowards use, devised at first to keep the strong in awe.",211,liters,9896.57,6704.49,0.1094,sunny,dry,Not stepping o'er the bounds of modesty.,2003-02-20 10:05:05-11:00
5d3dcd32-b6cb-423c-b9f1-8db1b1d0143c,69bfd70b-4071-422e-8c0e-cae1b81b6a2c,66864,plant,2017-10-22,2026-09-26 17:04:31+09:00,"Doubt that the sun doth move, doubt truth to be a liar, but never doubt I love.",Douglas Stark DDS,True is it that we have seen better days.,534,liters,6221.48,2682.73,5.7825,cloudy,barren,The king's name is a tower of strength.,2003-08-25 20:41:00-10:00
66d28545-ceec-46a3-be29-ff5c8f79c8e3,0a295f9b-1701-4ee3-bbb9-9a78f10b0a89,66865,irrigate,2003-08-14,2009-01-31 19:27:28-02:00,That it should come to this!.,Vito Trantow PhD,How bitter a thing it is to look into happiness through another man's eyes!,500,pounds,3851.76,641.47,8.9824,snowy,wet,Off with his head!,2016-01-03 20:06:12-10:00
57f32f85-ec4c-4a86-af7a-3538de3ab402,95924e5b-a746-4e9c-b95a-ed6bc7ea9fca,66866,plant,2007-09-29,2026-08-28 00:36:05+06:00,True is it that we have seen better days.,Madonna Vandervort,For ever and a day.,379,liters,6461.03,86.20,2.6279,snowy,barren,Rich gifts wax poor when givers prove unkind.,2004-06-27 02:15:41+07:00
bde10ca1-db9b-4f71-8f34-65bc96a241a7,0c15584f-45c2-40ce-b161-9470d846aa94,66867,irrigate,1998-01-29,2014-05-04 02:58:55+03:00,O! she doth teach the torches to burn bright.,Mr. Nestor Lynch,I like this place and willingly could waste my time in it.,142,liters,983.97,5786.73,6.4032,rainy,dry,The king's name is a tower of strength.,2018-04-23 21:04:00+10:00
34ce6589-ce72-4b7f-8c2b-c281b4e5d867,cf1f8480-226e-4639-8b29-700dd6c72d10,66868,irrigate,2004-07-24,2007-02-22 07:33:21+14:00,How bitter a thing it is to look into happiness through another man's eyes!,Sharika Blick,"The world is grown so bad, that wrens make prey where eagles dare not perch.",287,pounds,1230.88,8272.14,3.3673,cloudy,barren,The play 's the thing wherein I'll catch the conscience of the king.,2003-07-13 21:32:58+11:00
77598c2d-4fc0-4b19-bffb-a10cb8b0b187,c9f4e299-64ea-4f25-8ce9-7c0e420177c9,66869,irrigate,2002-07-13,2022-07-20 09:34:28+04:00,Do you think I am easier to be played on than a pipe?,Leonel Ebert,"The lady doth protest too much, methinks.",724,liters,5366.04,3711.98,3.8226,cloudy,dry,A horse! a horse! my kingdom for a horse!.,2004-05-03 19:59:00+07:00
458a327c-2a1a-460c-9f61-8c2fbe101b39,840846ca-7fda-41a6-ab27-f1e93543cf49,66870,plant,1998-10-15,2001-06-23 17:12:50Z,That it should come to this!.,Mr. Troy O'Reilly,"What a piece of work is man! how noble in reason! how infinite in faculty! in form and moving how express and admirable! in action how like an angel! in apprehension how like a god! the beauty of the world, the paragon of animals! .",319,liters,3789.66,8859.93,2.5265,snowy,fertile,Do you think I am easier to be played on than a pipe?,2018-04-20 16:46:08-07:00
d29030af-8bfa-41bf-a972-db1f6fc33c70,ee1e5a5b-62f4-4802-a0ef-bad6b914cb15,66871,irrigate,2013-12-29,2011-10-08 01:51:17+09:00,"O Romeo, Romeo! wherefore art thou Romeo?.",Leonel Kling,"So wise so young, they say, do never live long.",649,pounds,7491.92,8307.29,0.9042,sunny,wet,"Though this be madness, yet there is method in 't.",2019-05-01 01:35:54Z
2e6bee4c-c19a-440e-8793-5213435f6710,a3fd31d9-6677-4def-9c86-046a194af4a5,66872,harvest,2018-05-03,2022-10-16 12:01:03+03:00,"The fool doth think he is wise, but the wise man knows himself to be a fool.",Ricardo Hamill,How bitter a thing it is to look into happiness through another man's eyes!,197,liters,5288.26,4889.33,9.3140,sunny,fertile,"The lady doth protest too much, methinks.",2030-01-25 23:28:10+12:00
3761fbd9-63e5-4aae-b3d1-fa00e35823ce,e597bb87-db8c-4037-b2b3-fe14ae71c4a4,66873,plant,2001-03-15,2025-01-05 10:42:19-06:00,In my mind's eye.,Brandon Crist,"So wise so young, they say, do never live long.",644,kg,3828.85,524.28,6.9545,snowy,wet,Brevity is the soul of wit.,2025-04-03 18:41:45-10:00
2ed0b35f-75ea-4fbe-b6c3-4e42edd499dd,b7e81ec5-20da-41a5-acd5-80cf26a814f3,66874,fertilize,2007-07-07,2008-09-01 21:40:04-12:00,"Blow, blow, thou winter wind! Thou art not so unkind as man's ingratitude.",Consuelo Romaguera,I like this place and willingly could waste my time in it.,513,liters,7717.48,5962.71,7.9410,snowy,wet,Not stepping o'er the bounds of modesty.,2017-01-17 14:01:38-06:00
ebe9af2c-f882-432b-a378-301445aacfc7,5e8c4fa3-55a2-4ba6-a2ab-aa1bfbade391,66875,fertilize,1997-10-05,2002-10-24 21:53:48+06:00,"It is the east, and Juliet is the sun.",Orville Howell,"When sorrows come, they come not single spies, but in battalions.",44,kg,8248.81,7256.79,1.6747,cloudy,dry,"Blow, blow, thou winter wind! Thou art not so unkind as man's ingratitude.",2006-07-22 18:29:54-04:00
b3715207-ffc5-4f4e-beba-2b6ec11bdaab,44dbd71f-974e-4383-af75-a22a391f043a,66876,harvest,2020-08-14,2008-02-15 23:47:50-08:00,"The world is grown so bad, that wrens make prey where eagles dare not perch.",Allen Cummings,"The world is grown so bad, that wrens make prey where eagles dare not perch.",230,kg,5924.83,653.15,9.0764,snowy,barren,"An honest tale speeds best, being plainly told.",2028-12-31 07:56:19+04:00
8c57bc6a-d33b-4c80-812e-ca288cde09d3,100ccb27-bf14-4645-884b-b7b256731289,66877,harvest,2015-11-13,2004-11-04 05:27:11+08:00,The king's name is a tower of strength.,Noelia Reinger,"To be, or not to be: that is the question.",397,pounds,525.49,8929.44,3.3695,cloudy,dry,I like this place and willingly could waste my time in it.,2003-11-20 17:34:31-11:00
c82e3573-ba6c-4e86-b6f8-302f91a40d6b,486db29e-0217-4e91-9a5b-a3607b395813,66878,irrigate,1997-02-22,2020-02-21 01:13:36-11:00,In my mind's eye.,Dr. Ramiro Kunze,"The world is grown so bad, that wrens make prey where eagles dare not perch.",966,liters,687.40,5886.48,9.8835,sunny,barren,"An honest tale speeds best, being plainly told.",2025-04-27 01:36:29-02:00
1a405ded-97cd-40d5-a748-30e116043258,0917d87d-ebcf-475b-9346-7bb068c0952b,66879,plant,2024-07-06,2000-09-11 13:10:02-06:00,"An honest tale speeds best, being plainly told.",Dong Beatty IV,O! she doth teach the torches to burn bright.,63,pounds,7634.29,7615.04,3.4635,rainy,fertile,For you and I are past our dancing days.,2012-02-16 07:18:18+02:00
6d7192cb-5f34-43cb-8ef7-68a3883b712b,c7b84f4e-411a-44ef-ae2f-1c6f65bef2ce,66880,irrigate,2025-05-13,2026-02-15 07:28:21-04:00,"Blow, blow, thou winter wind! Thou art not so unkind as man's ingratitude.",Junior Langosh I,I like this place and willingly could waste my time in it.,196,liters,4398.87,1998.71,3.6659,rainy,barren,"Though this be madness, yet there is method in 't.",2008-06-10 10:28:41-04:00
d076e5a7-ab49-4d59-b6a3-1c258bf762ec,d2af0867-d17e-4e7e-8c3a-a581926b6ac5,66881,harvest,2025-03-01,2005-06-03 16:51:01-02:00,I like this place and willingly could waste my time in it.,Cameron Walter,It seems she hangs upon the cheek of night like a rich jewel in an Ethiope's ear.,343,kg,2768.25,8937.89,8.7520,sunny,barren,"Though this be madness, yet there is method in 't.",2022-04-03 17:57:11+13:00
12e96e56-13d4-46a1-bc45-b971b8ad79e2,4d86c997-d1b9-47ac-940f-f96d15bce6fa,66882,fertilize,2020-04-17,2004-10-06 00:53:02-05:00,"What a piece of work is man! how noble in reason! how infinite in faculty! in form and moving how express and admirable! in action how like an angel! in apprehension how like a god! the beauty of the world, the paragon of animals! .",Quinn Nolan,Can one desire too much of a good thing?.,544,kg,6928.25,229.61,2.2457,snowy,fertile,Wisely and slow; they stumble that run fast.,2006-03-29 07:19:38+09:00
2f4f0573-c1e3-4d16-915f-339e18e6fe92,cb71aca5-edd2-4b6c-887a-46bafd9bbfb8,66883,fertilize,2008-12-19,2026-06-04 00:38:09-01:00,"Good Night, Good night! Parting is such sweet sorrow, that I shall say good night till it be morrow.",Vincent Mante,"Blow, blow, thou winter wind! Thou art not so unkind as man's ingratitude.",655,kg,9926.52,894.11,2.5598,cloudy,fertile,"Conscience is but a word that cowards use, devised at first to keep the strong in awe.",2021-08-21 10:05:30Z
03449cde-535b-44e2-96b0-2d8694395567,172b7634-4ce4-407c-8aa9-18b334227c75,66884,plant,2015-07-09,2010-08-01 05:51:50-06:00,"To be, or not to be: that is the question.",Eldridge Schoen Jr.,"See, how she leans her cheek upon her hand! O that I were a glove upon that hand, that I might touch that cheek!.",518,kg,833.76,1000.30,4.9422,sunny,fertile,"All the world 's a stage, and all the men and women merely players. They have their exits and their entrances; And one man in his time plays many parts.",2018-11-19 07:20:14+11:00
119de370-f875-4ebb-ad5a-263dcc681029,f7f33c07-096a-4d65-be97-16a42b72707d,66885,plant,1998-01-01,2030-10-24 04:49:17-03:00,For you and I are past our dancing days.,Theresia Feeney III,The play 's the thing wherein I'll catch the conscience of the king.,125,pounds,7990.61,3684.42,2.4175,cloudy,barren,This above all: to thine own self be true.,2003-05-14 14:35:47+11:00
fcc40dd7-b98a-4fcb-8256-41eabe2f2694,213d9a2c-b79a-4f76-b3df-22b648bd2163,66886,harvest,2010-12-28,2008-08-11 09:09:06-01:00,Tempt not a desperate man.,Christine Stanton,"And it must follow, as the night the day, thou canst not then be false to any man.",728,liters,1022.86,4803.22,7.2692,rainy,fertile,That it should come to this!.,2009-09-16 12:10:11-03:00
cb623271-4441-4fd2-a210-ead37aa377a2,8a2d25c9-4d48-40da-b869-5e7de0fd85e5,66887,harvest,2008-06-22,2015-01-10 14:17:35Z,"The world is grown so bad, that wrens make prey where eagles dare not perch.",Norman Rosenbaum II,Off with his head!,895,pounds,1928.28,3225.11,5.5419,rainy,wet,"The world is grown so bad, that wrens make prey where eagles dare not perch.",2004-07-09 18:23:35-02:00
0276703f-428e-4cae-9e28-039d7634e1b2,41af69e0-f6ab-403a-ba20-1465337eeeae,66888,irrigate,2023-10-28,2000-09-18 15:12:33-04:00,A horse! a horse! my kingdom for a horse!.,Miss Abram Will,What's in a name? That which we call a rose by any other name would smell as sweet.,614,kg,2512.49,8191.04,5.9089,rainy,barren,"All the world 's a stage, and all the men and women merely players. They have their exits and their entrances; And one man in his time plays many parts.",2000-12-08 16:06:45-12:00
b40b8ecd-4431-4b39-b71f-6d9d5d5cea43,ac9caaff-2027-4f13-afb5-919578f7170a,66889,plant,2015-02-08,2001-09-22 15:42:32Z,Tempt not a desperate man.,Alene Legros,The king's name is a tower of strength.,436,liters,2232.48,8182.05,9.3981,sunny,fertile,Now is the winter of our discontent.,2009-07-05 11:21:52-01:00
af17f64d-b9c8-4c1b-b5c5-e7344ac35b00,390bb3b1-eb7d-4325-b757-7bfbae67d06f,66890,irrigate,2011-02-15,2011-01-31 08:58:33+04:00,Wisely and slow; they stumble that run fast.,Malika Waelchi III,O! she doth teach the torches to burn bright.,109,pounds,7260.75,2808.08,7.1749,rainy,fertile,"All the world 's a stage, and all the men and women merely players. They have their exits and their entrances; And one man in his time plays many parts.",2004-05-14 03:01:39+06:00
a8e0d9dc-8369-48f6-8c35-a4aed92d4c96,2a3ac8f5-deb8-459a-aca3-5ca81d987704,66891,fertilize,2024-05-09,2024-02-13 07:05:33-03:00,A horse! a horse! my kingdom for a horse!.,Jude Greenholt,It seems she hangs upon the cheek of night like a rich jewel in an Ethiope's ear.,267,liters,2446.25,8493.77,7.1660,snowy,dry,Now is the winter of our discontent.,2011-07-28 01:27:41-12:00
37df4b5c-98f2-45f6-b9bc-867f0bf756fb,49eb8a93-ac61-4879-b2a7-3620fd856f74,66892,fertilize,1997-11-14,2009-03-30 04:37:59-06:00,Can one desire too much of a good thing?.,Mario Stokes Jr.,"Neither a borrower nor a lender be; For loan oft loses both itself and friend, and borrowing dulls the edge of husbandry.",722,liters,9062.67,9549.20,1.5088,cloudy,barren,For you and I are past our dancing days.,2000-06-11 04:56:50+06:00
485b468c-05f2-46c7-9666-7310c6187bf3,645e6552-fa6b-4d1a-ad43-033608689479,66893,harvest,2017-11-20,2009-07-26 22:06:53+02:00,Can one desire too much of a good thing?.,Mrs. Aubrey Swift,"O Romeo, Romeo! wherefore art thou Romeo?.",894,kg,769.44,5880.31,6.6066,rainy,dry,"The world is grown so bad, that wrens make prey where eagles dare not perch.",2012-01-20 07:22:18-11:00
8379da2d-3b5b-4221-a8da-12bf6481601e,4ff5e131-4dd0-4ad7-a588-6cf21be67598,66894,fertilize,2018-11-12,2012-02-02 22:43:06+05:00,A horse! a horse! my kingdom for a horse!.,Mr. Erlinda Price,"An honest tale speeds best, being plainly told.",101,kg,5450.21,1632.70,5.9375,snowy,fertile,In my mind's eye.,2025-03-08 21:07:17+07:00
53280afd-1f17-43e2-b730-46c8bc882c6b,0bddfb77-8d2a-4b2e-8959-b681b74fe352,66895,harvest,2019-08-27,2016-12-25 04:18:18+08:00,It seems she hangs upon the cheek of night like a rich jewel in an Ethiope's ear.,Dollie Braun,"Blow, blow, thou winter wind! Thou art not so unkind as man's ingratitude.",320,liters,3820.34,6129.35,1.0330,sunny,dry,True is it that we have seen better days.,2000-04-19 21:27:01+10:00
496a0210-7634-45be-b1ba-7bfbe113bee0,4036cf3b-ecbe-4b0f-a0e3-0dc99d5076a2,66896,fertilize,2013-08-23,2029-12-05 17:01:05-05:00,"There is nothing either good or bad, but thinking makes it so.",Jann Volkman,Brevity is the soul of wit.,897,pounds,1252.88,2842.08,0.5962,sunny,barren,"All the world 's a stage, and all the men and women merely players. They have their exits and their entrances; And one man in his time plays many parts.",2012-12-13 00:27:41+01:00
e4404a45-a5f1-40c3-b805-0a2f9c4c5328,9bd054c7-44e8-4606-b2d8-e42492ce4fdc,66897,irrigate,2022-09-16,2029-11-20 01:38:50-02:00,"Conscience is but a word that cowards use, devised at first to keep the strong in awe.",Missy Tromp,A horse! a horse! my kingdom for a horse!.,83,liters,2249.88,3948.21,6.5035,rainy,fertile,Tempt not a desperate man.,2025-05-03 11:50:29+11:00
b62c75f3-a565-46fc-af4e-f826ec63499d,0224b2f0-5cda-43f3-8e21-bded39bc6c87,66898,fertilize,2002-01-21,2013-12-30 14:30:38-02:00,"Neither a borrower nor a lender be; For loan oft loses both itself and friend, and borrowing dulls the edge of husbandry.",Adolph Mertz,Can one desire too much of a good thing?.,71,kg,1083.67,9552.09,7.5099,cloudy,dry,Tempt not a desperate man.,2023-07-11 21:37:23-01:00
0a0df13e-9498-4220-934c-64f52d06f3f2,e720d207-7702-4bb9-bfd7-5822c558f5ac,66899,irrigate,2021-04-15,2028-05-15 17:41:06+12:00,Now is the winter of our discontent.,Jonnie Harber,What's in a name? That which we call a rose by any other name would smell as sweet.,559,kg,8530.55,8030.25,0.1678,rainy,barren,"Good Night, Good night! Parting is such sweet sorrow, that I shall say good night till it be morrow.",2021-11-17 20:43:41-09:00
b57fb1ca-98ef-4965-abd4-15e27898f401,db646d17-cf8f-4e05-8d49-b35b12f19dd3,66900,plant,2011-09-26,2027-08-22 08:07:41-08:00,"I will speak daggers to her, but use none.",Kizzie Bergstrom,"It is the east, and Juliet is the sun.",828,pounds,4350.73,4695.04,1.2391,snowy,fertile,"The fool doth think he is wise, but the wise man knows himself to be a fool.",2011-09-06 05:15:32+08:00
2cc93748-d75a-4b26-a73c-76130b1ae238,8e1a19be-e290-4f72-a592-bda1c4460d09,66901,fertilize,2019-11-11,2021-10-24 13:26:29-11:00,"Blow, blow, thou winter wind! Thou art not so unkind as man's ingratitude.",Kara Schumm,"All the world 's a stage, and all the men and women merely players. They have their exits and their entrances; And one man in his time plays many parts.",319,pounds,4710.69,8209.96,5.5149,cloudy,barren,Tempt not a desperate man.,2024-03-30 09:19:08-06:00
baecfce3-5e4b-4b20-adf2-39a46099e895,06c62312-fae7-44a5-b0ea-376792c1b287,66902,plant,2004-04-27,2016-07-25 15:49:37+12:00,"So wise so young, they say, do never live long.",Maryln Prosacco,For ever and a day.,403,pounds,7398.18,8898.08,8.4629,snowy,barren,For ever and a day.,2007-09-16 19:16:41-09:00
99a78f92-4a6f-4005-a6ef-fdeaea4800b5,b55e1fdc-7fd2-4716-b8a1-2eaaec2721d2,66903,harvest,1997-08-12,2008-10-23 07:26:05+06:00,Off with his head!,Isaura Ernser,For you and I are past our dancing days.,161,kg,6731.82,6456.68,7.9689,snowy,dry,"It is the east, and Juliet is the sun.",2016-04-21 04:02:08-06:00
49f781c5-7221-4e64-a3a5-f084a5e7fe17,374b3243-ba65-44ac-b3b5-f47f0e9352f6,66904,harvest,2004-01-03,2014-07-07 19:45:24+06:00,For ever and a day.,Hoyt Kunze,O! she doth teach the torches to burn bright.,703,kg,6026.17,9033.47,2.7755,snowy,wet,"See, how she leans her cheek upon her hand! O that I were a glove upon that hand, that I might touch that cheek!.",2026-12-22 01:05:12-04:00
d4545aa8-cf2b-4678-b06c-443f0afd084e,817cb597-24d3-415a-9775-eaf363c34c7e,66905,fertilize,2011-04-16,2006-11-13 09:00:14-10:00,"O Romeo, Romeo! wherefore art thou Romeo?.",Katherin Glover,"An honest tale speeds best, being plainly told.",502,liters,2758.75,2186.44,5.7117,snowy,dry,"There is nothing either good or bad, but thinking makes it so.",2020-09-23 10:05:34+03:00
56941060-0163-4374-8c39-ee106143a063,df454d4f-9582-47fd-9752-d05aedebe3c8,66906,irrigate,2022-07-10,2013-01-04 15:38:37+11:00,"Blow, blow, thou winter wind! Thou art not so unkind as man's ingratitude.",Risa Durgan,"All the world 's a stage, and all the men and women merely players. They have their exits and their entrances; And one man in his time plays many parts.",263,kg,83.31,9530.11,2.1562,cloudy,barren,How bitter a thing it is to look into happiness through another man's eyes!,2011-05-25 18:25:43-08:00
1cd21774-a893-441f-8383-a6e24703d7f1,4bedfdc2-369b-447f-9007-4a7c1cd199da,66907,harvest,2009-05-22,2023-07-13 21:47:19-10:00,"O Romeo, Romeo! wherefore art thou Romeo?.",Francene Streich,For you and I are past our dancing days.,413,pounds,5603.95,9879.81,4.2875,sunny,barren,I like this place and willingly could waste my time in it.,2026-12-01 20:34:11+09:00
d5d28024-f04f-4528-a421-3b8a0e7af453,08649a2e-bfc1-4343-b97b-9642ba638628,66908,irrigate,2004-03-18,2028-03-11 06:46:46-05:00,"An honest tale speeds best, being plainly told.",Miss Graham Breitenberg,This above all: to thine own self be true.,115,kg,5715.99,6541.07,8.2749,snowy,dry,For you and I are past our dancing days.,2001-03-14 16:12:02+05:00
c8b6d78b-4560-4833-a0e8-b0dca9045d76,112370e9-e656-4981-a68e-8594d464071c,66909,harvest,2000-11-28,2014-04-23 02:25:15+01:00,Do you think I am easier to be played on than a pipe?,Agustin Block,"The fool doth think he is wise, but the wise man knows himself to be a fool.",387,liters,9402.03,3860.25,6.7533,snowy,fertile,A horse! a horse! my kingdom for a horse!.,2028-02-05 02:32:16+12:00
232fcf56-33d5-4c07-8db9-5b91b7d9980b,428152c3-a202-400c-a01d-dd97747b0f32,66910,fertilize,1998-11-17,2023-12-12 05:34:11+14:00,"Doubt that the sun doth move, doubt truth to be a liar, but never doubt I love.",Broderick Terry,"It is the east, and Juliet is the sun.",86,liters,8136.95,1241.58,4.2452,rainy,wet,Off with his head!,2013-02-25 07:19:06+09:00
e416d087-080a-47ed-a3e7-02ecdc47bb97,bfd7248d-bd64-4da5-8839-83129c3f87e4,66911,fertilize,2006-03-23,2015-09-05 00:42:45+08:00,For you and I are past our dancing days.,Ka Wilkinson,How bitter a thing it is to look into happiness through another man's eyes!,20,pounds,3014.95,9279.97,3.2426,snowy,barren,Brevity is the soul of wit.,2024-09-10 07:32:26+08:00
8a9a7793-7904-42f9-8a2b-88aad9d0113f,6acef60a-32a7-45ea-a8ca-3f66e2a7a358,66912,irrigate,2000-03-24,2021-01-03 19:39:42-10:00,A horse! a horse! my kingdom for a horse!.,Ms. Santiago Kozey,Off with his head!,657,pounds,475.33,3846.14,3.9965,snowy,fertile,For ever and a day.,2017-06-17 06:27:05+03:00
d9992a65-fee4-4f8e-bc98-49d05daaa5c0,709d4c21-a03c-4c0a-932c-e0fa0ed754fb,66913,plant,2003-01-19,2005-11-27 11:11:51+01:00,"O Romeo, Romeo! wherefore art thou Romeo?.",Laraine Hamill,"See, how she leans her cheek upon her hand! O that I were a glove upon that hand, that I might touch that cheek!.",736,kg,7395.21,644.88,1.0647,sunny,wet,"The lady doth protest too much, methinks.",2030-02-11 23:13:48+07:00
5c0f93f5-d03b-454a-8330-701a098ee5c1,ce4ce0e5-4f2c-4dff-9ef1-c4dca1b882ba,66914,fertilize,2011-07-26,2012-05-16 10:09:20Z,"The lady doth protest too much, methinks.",Gudrun Effertz,"There is nothing either good or bad, but thinking makes it so.",183,kg,3788.34,9874.32,8.2144,rainy,wet,"There is nothing either good or bad, but thinking makes it so.",2017-08-24 10:54:55-09:00
852c3fc5-5545-4a66-8a97-b13b5be47fff,1db1be83-a480-4fee-a7ad-2dbaf701b294,66915,irrigate,2021-10-18,2016-02-23 09:46:43Z,"The world is grown so bad, that wrens make prey where eagles dare not perch.",Quinton Schumm V,In my mind's eye.,613,kg,8245.19,1218.58,2.8681,rainy,barren,For you and I are past our dancing days.,2017-12-01 21:16:03+07:00
30bf3169-c5dc-46a6-92b0-56c79a559205,113060e0-d07c-4eb7-a5fb-867166d923ce,66916,fertilize,2001-05-01,2013-07-09 22:53:01+08:00,"O Romeo, Romeo! wherefore art thou Romeo?.",Chelsea McDermott,The king's name is a tower of strength.,221,pounds,4077.18,70.05,1.8475,rainy,wet,"Blow, blow, thou winter wind! Thou art not so unkind as man's ingratitude.",2014-04-24 06:53:03-07:00
d2575704-f576-4c61-a97c-d2dfa6577f78,fa7e3add-f556-46d0-94c8-07101be0c4f3,66917,plant,2014-03-18,2016-11-13 20:00:04+07:00,For ever and a day.,Ms. Winfred Zieme,"To be, or not to be: that is the question.",472,liters,593.16,263.36,5.9887,snowy,barren,"The world is grown so bad, that wrens make prey where eagles dare not perch.",2010-03-02 11:55:34-10:00
8fbfde9a-0e3a-4fc3-9625-6adcc360344b,02456f7b-e26a-423f-9326-6119f8aa1010,66918,irrigate,2001-09-21,2021-08-19 13:19:00-02:00,"Conscience is but a word that cowards use, devised at first to keep the strong in awe.",Fran Gusikowski IV,"The lady doth protest too much, methinks.",888,liters,3130.70,6441.43,9.0208,rainy,fertile,"An honest tale speeds best, being plainly told.",2013-01-18 19:07:24-06:00
d7706de1-f7da-493f-b34c-859dec6da5d9,06973af1-9381-4ed6-86cb-a966b0181b74,66919,harvest,2012-08-19,2005-02-01 01:00:51-08:00,For ever and a day.,Jan Fritsch DVM,"The fool doth think he is wise, but the wise man knows himself to be a fool.",852,liters,5802.95,6175.08,8.6108,snowy,wet,"Blow, blow, thou winter wind! Thou art not so unkind as man's ingratitude.",2024-03-25 02:08:02-10:00
c6fe6d62-47f9-4a8e-8c5b-6c4b78587da8,faaacdf2-ced8-49c4-b171-25d870723189,66920,irrigate,2025-08-24,2004-03-12 22:53:18+07:00,"Good Night, Good night! Parting is such sweet sorrow, that I shall say good night till it be morrow.",Chung Grady,Off with his head!,916,liters,2853.28,1924.72,6.1780,cloudy,dry,It seems she hangs upon the cheek of night like a rich jewel in an Ethiope's ear.,2014-04-29 08:34:09-07:00
b1fcf30a-a627-4a26-9227-78826cc3ad59,fc6f0e37-0702-4a5c-ae70-b913049b9c12,66921,plant,2025-08-24,2030-03-05 00:32:15+10:00,"The fool doth think he is wise, but the wise man knows himself to be a fool.",Kyong Pacocha,"I will speak daggers to her, but use none.",464,kg,6878.14,6644.86,3.5931,snowy,dry,True is it that we have seen better days.,2029-01-07 04:56:33+07:00
3bf597e1-30cb-4025-9efc-630c6fddc5d2,e865bd08-2782-44da-b0c6-8206002390f8,66922,irrigate,2025-08-24,2016-04-07 15:54:43-02:00,For you and I are past our dancing days.,Sergio Fisher,"The world is grown so bad, that wrens make prey where eagles dare not perch.",380,pounds,3267.66,8212.96,6.1744,cloudy,barren,"To be, or not to be: that is the question.",2002-04-14 07:01:44+08:00
142b0c95-6c6f-4bbc-a089-5c2f9ec2cf4b,88429c42-d7f5-4419-a4fd-ab0e963dc425,66923,fertilize,2025-08-24,2017-03-22 13:31:39+11:00,"So wise so young, they say, do never live long.",Lydia Osinski,"The world is grown so bad, that wrens make prey where eagles dare not perch.",565,liters,9591.65,3656.41,7.0126,sunny,wet,"Though this be madness, yet there is method in 't.",2015-05-10 05:46:41+06:00
4f985d63-5141-416e-b46e-289a639d5796,3b266e87-a46b-4801-8bae-8c2ba7fb2375,66924,plant,2025-08-24,2028-03-28 23:11:12-11:00,Now is the winter of our discontent.,Juan Pagac,"Conscience is but a word that cowards use, devised at first to keep the strong in awe.",315,kg,118.64,3692.37,3.0013,sunny,dry,How bitter a thing it is to look into happiness through another man's eyes!,2021-06-19 00:31:33-10:00
